scenario,p,model
S0,0.9999474163348027,≤8 min
S1,0.9997764898153417,≤8 min
S2,0.9995865907397656,≤8 min
S3,0.9999500735719375,≤8 min
S4,0.9998857732968615,≤8 min
S0,0.9999633019689764,≤10 min
S1,0.9998602917552615,≤10 min
S2,0.9997929492829389,≤10 min
S3,0.999976496855342,≤10 min
S4,0.999944820282432,≤10 min
