scenario,OR,LCL,UCL
S2,0.2626492068477489,0.12804677300428116,0.53874536811205
S3,0.17721210086453099,0.0861055215837096,0.36471678140048674
S4,1.5614344210123925,0.7317896986178359,3.331664077435377
S5,0.665051264218484,0.3223107080747656,1.3722571821473777
