scenario,OR,LCL,UCL
S0,4.251289752780319,2.2903666523636974,7.891079161252552
S2,0.5405484402195241,0.30683391958046785,0.9522826440547171
S3,4.477568288882339,2.406013864452648,8.332710828399836
S4,1.9569383510873002,1.0842391839097958,3.5320690921228395
