scenario,p,model
S1,0.9999474162047555,≤8 min
S2,0.9997764891113171,≤8 min
S3,0.9995865897024814,≤8 min
S4,0.9999500734360625,≤8 min
S5,0.9998857730035863,≤8 min
S1,0.9999633019892388,≤10 min
S2,0.999860291866873,≤10 min
S3,0.9997929500368482,≤10 min
S4,0.9999764969347968,≤10 min
S5,0.999944820295112,≤10 min
